date,ticker,direction,entry_price,stop_price,take_profit_price,exit_price,exit_type,atr_multiplier,shares,gross_pnl,costs,net_pnl,capital_after
2010-02-09,GETINGE_5_min,long,155.642662,151.4534197857143,164.02114642857143,157.219788,eod,1.0,238.70665596510636,376.47047349562257,44.80940952993017,331.6610639656924,100331.66106396569
2010-02-10,GETINGE_5_min,short,157.219788,161.35270428571428,148.95395542857142,154.262676,eod,1.0,242.76238405982005,717.8755590519014,45.36973533208024,672.5058237198211,101004.16688768551
2010-02-12,GETINGE_5_min,long,158.008351,153.8331902857143,166.35867242857142,159.092626,eod,1.0,241.9168357809321,262.30437711636796,46.02723898732928,216.2771381290387,101220.44402581455
2010-02-23,GETINGE_5_min,long,164.612568,161.04291114285715,171.75188171428573,162.838301,eod,1.0,283.557910680611,-503.1074435095581,55.71077055851426,-558.8182140680724,100661.62581174647
2010-03-02,GETINGE_5_min,long,169.146806,165.68980107142858,176.06081585714284,170.03394,eod,1.0,291.1816092010723,258.31710569698504,59.25791725818009,199.05918843880494,100860.68500018527
2010-03-05,GETINGE_5_min,short,167.963962,171.27311135714285,161.34566328571432,167.273969,eod,1.0,304.79338982532215,210.3053054257482,61.30698323251047,148.99832219323773,101009.6833223785
2010-03-09,GETINGE_5_min,short,165.401131,168.5131395,159.177114,166.485406,eod,1.0,324.58035806257743,-351.93436773830746,64.6343106093653,-416.56867834767274,100593.11464403084
2010-03-10,GETINGE_5_min,short,165.00685,168.1399807142857,158.74058857142853,165.20399,eod,1.0,321.062616970845,-63.2942843096384,63.61101386552458,-126.90529817516298,100466.20934585568
2010-03-11,GETINGE_5_min,short,164.021146,167.22468414285714,157.61406971428568,161.261174,eod,1.0,313.61015497774713,865.5552466542352,61.20710327203268,804.3481433822026,101270.55748923788
2010-03-12,GETINGE_5_min,long,162.246878,159.05742135714286,168.6257912857143,159.289766,eod,1.0,317.51664571467114,-938.9322832426101,61.2559420063394,-1000.1882252489495,100270.36926398893
2010-03-16,GETINGE_5_min,long,158.205492,154.98787228571427,164.64073142857143,161.458315,eod,1.0,311.62902445806293,1013.6740582247517,59.769912197976296,953.9041460267754,101224.27341001571
2010-03-17,GETINGE_5_min,long,162.936871,159.63476242857143,169.54108814285712,163.035442,eod,1.0,306.5443525565968,30.216383375854043,59.954982983976784,-29.73859960812274,101194.53481040758
2010-03-26,GETINGE_5_min,short,169.738229,172.72350407142855,163.76767885714287,170.526792,eod,1.0,338.97892954293957,-267.30624161717265,69.20560354769151,-336.51184516486416,100858.02296524272
2010-03-31,GETINGE_5_min,long,168.851095,166.08408307142855,174.38511885714286,169.93537,eod,1.0,364.5015835450848,395.21995449835396,74.09292178568487,321.1270327126691,101179.14999795539
2010-04-06,GETINGE_5_min,long,170.03394,167.40070214285714,175.30041571428572,169.93537,eod,1.0,384.2385514984877,-37.874394021204076,78.3775891370042,-116.25198315820828,101062.89801479719
2010-04-07,GETINGE_5_min,short,169.541088,172.04055171428573,164.54216057142855,168.949666,eod,1.0,404.33832840689223,239.13458286305874,82.11887139212912,157.0157114709296,101219.91372626812
2010-04-08,GETINGE_5_min,short,168.555384,170.8929105714286,163.88033085714284,168.653954,eod,1.0,433.0214465301561,-42.68292398447539,87.6113251945418,-130.29424917901719,101089.6194770891
2010-04-19,GETINGE_5_min,short,168.062532,170.09026592857143,164.00706414285716,170.09026592857143,stop,1.0,498.53493129795737,-1010.896194770891,101.14858913011945,-1112.0447839010105,99977.57469318809
2010-04-27,GETINGE_5_min,short,162.73973,165.9643902857143,156.29040942857142,158.796914,eod,1.0,310.0406425324958,1222.4332060274116,59.813656622101405,1162.6195494053102,101140.1942425934
2010-04-28,GETINGE_5_min,long,158.205492,154.6851205,165.24623499999996,157.318358,eod,1.0,287.29977572706156,-254.87339923985195,54.389958804923396,-309.2633580447754,100830.93088454862
2010-04-29,GETINGE_5_min,long,156.628366,153.00942407142858,163.86624985714283,160.866893,eod,1.0,278.6199195087715,1180.938051575756,53.07630210419793,1127.861749471558,101958.79263402018
2010-05-03,GETINGE_5_min,long,159.684048,155.83980235714284,167.37253928571428,160.669752,eod,1.0,265.2244474113306,261.43279871113776,50.97939574867194,210.45340296246582,102169.24603698264
2010-05-06,GETINGE_5_min,long,149.235586,144.78583642857143,158.13508514285718,148.348452,eod,1.0,229.6067326867148,-203.69193919529678,40.9963791989395,-244.6883183942363,101924.5577185884
2010-05-07,GETINGE_5_min,short,145.884192,150.54516385714285,136.56224828571433,145.39134,eod,1.0,218.6766211909029,107.7752101071787,38.21708950400563,69.55812060317307,101994.11583919158
2010-05-10,GETINGE_5_min,long,149.629867,144.75767278571428,159.37425542857142,155.544091,eod,1.0,209.33918344251472,1238.078822856127,38.33092030538417,1199.747902550743,103193.86374174233
2010-05-17,GETINGE_5_min,long,149.728438,144.22961771428572,160.7260785714286,149.925578,eod,1.0,187.66545982569352,36.9963687500354,33.74082522075343,3.2555435292819723,103197.11928527162
2010-05-24,GETINGE_5_min,long,140.36425,135.11889642857145,150.8549571428571,144.997058,eod,1.0,196.74006314347707,911.458938451608,33.68520105277513,877.7737373988328,104074.89302267045
2010-05-25,GETINGE_5_min,short,141.744235,147.1304034285714,130.97189814285719,140.857102,eod,1.0,193.22621340728213,171.41735037864353,32.76359175140715,138.65375862723639,104213.54678129769
2010-06-09,GETINGE_5_min,long,152.389838,147.6584587142857,161.8525965714286,154.459817,eod,1.0,220.26039446035355,455.93439106464587,40.55209563019404,415.3822954344518,104628.92907673214
2010-06-16,GETINGE_5_min,short,160.669752,164.29573471428571,153.41778657142854,161.162604,eod,1.0,288.55330353482594,-142.2140727537458,55.71947370491768,-197.93354645866347,104430.99553027347
2010-06-18,GETINGE_5_min,long,160.07833,156.62836578571427,166.97825842857145,161.359745,eod,1.0,302.70167759376193,387.8864701938134,58.37990672700567,329.50656346680773,104760.50209374029
2010-06-22,GETINGE_5_min,short,158.501203,161.9018820714286,151.69984485714284,159.585478,eod,1.0,308.0575964192107,-334.0191503574369,58.79341104109453,-392.81256139853144,104367.68953234176
2010-06-30,GETINGE_5_min,long,148.545593,145.21532157142857,155.20613585714284,149.334156,eod,1.0,313.3909405609984,247.1285002616059,56.01168882791047,191.11681143369543,104558.80634377545
2010-07-12,GETINGE_5_min,short,156.628366,160.26138914285715,149.3623197142857,159.092626,eod,1.0,287.8011018161206,-709.2167431613922,54.51890961844715,-763.7356527798394,103795.0706909956
2010-07-13,GETINGE_5_min,short,158.698344,162.52850792857143,151.03801614285712,162.52850792857143,stop,1.0,270.9938076454832,-1037.9507069099561,52.23029263325723,-1090.1809995432134,102704.8896914524
2010-07-14,GETINGE_5_min,long,166.879687,162.7115674285714,175.21592614285714,166.978258,eod,1.0,246.40581425607098,24.288467517040363,49.35872327015013,-25.070255753109766,102679.81943569929
2010-07-15,GETINGE_5_min,short,162.838301,166.9219317142857,154.6710395714286,163.035442,eod,1.0,251.4424702422186,-49.56962002601815,49.16309935619873,-98.73271938221689,102581.08671631708
2010-08-09,GETINGE_5_min,long,159.979759,157.2620322142857,165.41521257142858,159.486907,eod,1.0,377.45179999525243,-186.02787453125984,72.34996087210926,-258.3778354033691,102322.7088809137
2010-08-11,GETINGE_5_min,short,156.825506,159.20527707142855,152.06596385714286,155.051239,eod,1.0,429.96870627345646,762.8792865736784,80.45834433865599,682.4209422350225,103005.12982314873
2010-08-17,GETINGE_5_min,long,157.81121,155.2835832857143,162.8664634285714,158.599774,eod,1.0,407.5171750677497,321.35337364012827,77.36574621605216,243.9876274240761,103249.11745057281
2010-08-23,GETINGE_5_min,short,156.924077,159.39537785714288,151.98147528571428,155.938373,eod,1.0,417.7925854399687,411.81982263851825,78.42696712354976,333.39285551496846,103582.51030608777
2010-08-26,GETINGE_5_min,short,148.644163,151.7913752142857,142.3497385714286,148.249882,eod,1.0,329.1246450935534,129.76759419212414,58.62908831460867,71.13850587751546,103653.6488119653
2010-08-30,GETINGE_5_min,long,149.137015,145.80674342857142,155.79755814285713,147.95417,eod,1.0,311.24683554711294,-368.1567631927205,55.48121472011514,-423.63797791283565,103230.01083405246
2010-08-31,GETINGE_5_min,short,145.982762,149.3693595,139.20956700000002,145.785622,eod,1.0,304.81924950943437,60.09206684829561,53.36197190487627,6.7300949434193384,103236.74092899587
2010-09-02,GETINGE_5_min,long,152.192698,148.6089597857143,159.36017442857144,151.896986,eod,1.0,288.06998378806594,-85.18575104593911,52.55946620399885,-137.74521724993798,103098.99571174594
2010-09-07,GETINGE_5_min,short,155.741232,159.2193592142857,148.78497757142858,156.036943,eod,1.0,296.4210029129688,-87.65495119240029,55.45055959192505,-143.10551078432533,102955.89020096161
2010-09-08,GETINGE_5_min,long,156.135514,152.65034607142857,163.10584985714286,159.585478,eod,1.0,295.4115621142057,1019.1592544777719,55.96057886337998,963.198675614392,103919.088876576
2010-09-13,GETINGE_5_min,short,161.261174,164.77450492857145,154.23451214285714,160.1769,eod,1.0,295.7850854056348,320.71207769311576,57.04595290242765,263.6661247906881,104182.75500136669
2010-09-16,GETINGE_5_min,long,163.626864,160.40220364285716,170.07618471428572,162.345449,eod,1.0,323.08132783843257,-414.0012597120882,63.18934063356309,-477.1906003456513,103705.56440102104
2010-09-17,GETINGE_5_min,short,163.232582,166.43612014285716,156.8255057142857,160.768322,eod,1.0,323.7219592101646,797.7350752032388,62.931724457246666,734.8033507459921,104440.36775176703
2010-09-20,GETINGE_5_min,short,159.092626,162.35953085714286,152.55881628571427,160.866893,eod,1.0,319.6921009909896,-567.2191449489831,61.37311851670587,-628.5922634656889,103811.77548830134
2010-09-28,GETINGE_5_min,short,158.106922,161.25413414285714,151.8124977142857,157.219788,eod,1.0,329.85312325993254,292.62392065007805,62.406900084467395,230.21702056561065,104041.99250886696
2010-09-29,GETINGE_5_min,short,157.71264,160.88801507142855,151.36188985714287,153.671254,eod,1.0,327.65260849030904,1324.1706648162124,61.21544706658193,1262.9552177496305,105304.94772661659
2010-09-30,GETINGE_5_min,short,153.079831,156.47346907142858,146.29255485714287,156.47346907142858,stop,1.0,310.3010560059162,-1053.049477266166,57.63282954136833,-1110.6823068075344,104194.26541980906
2010-10-05,GETINGE_5_min,short,150.024149,153.74870199999998,142.57504300000002,153.74870199999998,stop,1.0,279.74971874426126,-1041.9426541980906,50.98822177763542,-1092.930875975726,103101.33454383333
2010-10-06,GETINGE_5_min,long,155.24838,151.34780835714287,163.04952328571426,154.361246,eod,1.0,264.32365300259585,-234.4904995828057,49.10228840945248,-283.5927879922582,102817.74175584108
2010-10-12,GETINGE_5_min,short,150.517001,154.516143,142.51871699999998,153.966965,eod,1.0,257.09950223283124,-886.9840271211859,46.96960565788698,-933.9536327790729,101883.78812306201
2010-10-13,GETINGE_5_min,short,154.164106,158.25477764285714,145.98276271428574,152.586979,eod,1.0,249.0637162260749,392.80511158047835,45.84033911188835,346.96477246859,102230.7528955306
2010-10-14,GETINGE_5_min,short,153.474113,157.56478464285712,145.29276971428573,151.206994,eod,1.0,249.9119015676543,566.5800203701538,45.68606089326476,520.893959476889,102751.6468550075
2010-10-19,GETINGE_5_min,short,152.68555,156.5297957142857,144.9970585714286,144.9970585714286,take_profit,1.0,267.28688666587914,2055.03293710015,47.73999459578081,2007.292942504369,104758.93979751186
2010-10-20,GETINGE_5_min,short,145.48991,149.7495595,136.97061100000002,146.179903,eod,1.0,245.9332388674514,-169.6922132858662,43.03878107457232,-212.7309943604385,104546.20880315143
2010-10-21,GETINGE_5_min,short,145.588481,149.65803042857144,137.44938214285713,144.602777,eod,1.0,256.8987320049608,253.22610773221743,44.729859731474654,208.49624800074278,104754.70505115217
2010-10-27,GETINGE_5_min,short,141.448524,145.1801177142857,133.98533657142858,142.039946,eod,1.0,280.72376864104575,-166.02621269722297,47.74917099881041,-213.77538369603337,104540.92966745613
2010-11-03,GETINGE_5_min,short,143.617073,147.07407771428572,136.70306357142857,143.124221,eod,1.0,302.4032025049069,149.04002316094812,52.02689135760063,97.01313180334749,104637.94279925949
2010-11-29,GETINGE_5_min,short,146.081333,148.2569225714286,141.73015385714282,144.405636,eod,1.0,480.96361636147014,805.9492890460731,83.82819786967335,722.1210911763998,105360.0638904359
2010-11-30,GETINGE_5_min,long,145.095629,142.80738757142856,149.67211185714288,145.687051,eod,1.0,460.44120421424554,272.3150578787949,80.33299640630737,191.98206147248754,105552.04595190838
2010-12-10,GETINGE_5_min,short,142.138517,144.44084,137.533871,142.335658,eod,1.0,458.45889543694926,-90.38104510533002,78.25182963050244,-168.63287473583244,105383.41307717255
2010-12-13,GETINGE_5_min,long,142.138517,139.82915321428572,146.75724457142857,141.054242,eod,1.0,456.3309329135325,-494.7882222848293,77.5377695452963,-572.3259918301256,104811.08708534243
2010-12-16,GETINGE_5_min,short,137.111426,139.78690842857142,131.76046114285714,137.604278,eod,1.0,391.74649762624773,-193.07304484809111,64.57134893095737,-257.64439377904847,104553.44269156338
2010-12-22,GETINGE_5_min,long,138.294271,135.6751145,143.532584,137.012856,eod,1.0,399.18745860189443,-511.52479726435047,65.9394914172714,-577.4642886816218,103975.97840288177
2011-01-07,GETINGE_5_min,short,142.92708,145.4617475,137.85774499999997,141.349954,eod,1.0,410.215455884771,646.9614610777223,69.96889985992833,576.992561217794,104552.97096409956
2011-01-12,GETINGE_5_min,long,151.404134,148.43998128571428,157.33243942857143,153.769824,eod,1.0,352.7246435725363,834.4371620531136,64.5854253379021,769.8517367152116,105322.82270081477
2011-01-13,GETINGE_5_min,short,154.262676,157.44509178571428,147.89784442857143,155.642662,eod,1.0,330.9524266866826,-456.7097154936492,61.53835419255395,-518.2480696862032,104804.57463112856
2011-01-31,GETINGE_5_min,long,155.051239,151.48862300000002,162.176471,154.755528,eod,1.0,294.1787007949463,-86.9918777907777,54.683131328125576,-141.6750091189033,104662.89962200966
2011-02-18,GETINGE_5_min,short,144.307066,147.09520007142856,138.73079785714285,144.898488,eod,1.0,375.38689654326026,-222.01206912740594,65.13838522748055,-287.1504543548865,104375.74916765478
2011-02-21,GETINGE_5_min,long,144.602777,141.85688742857144,150.09455614285713,145.48991,eod,1.0,380.1163391772989,337.2137483233769,66.16138212272762,271.05236620064926,104646.80153385543
2011-02-22,GETINGE_5_min,short,144.109925,146.84173314285715,138.6463087142857,145.588481,eod,1.0,383.0679025079971,-566.3873456606132,66.58449644779809,-632.9718421084112,104013.82969174701
2011-02-23,GETINGE_5_min,short,144.799918,147.37682985714287,139.64609428571424,146.475614,eod,1.0,403.63751442810815,-676.3737683771296,70.54183905012292,-746.9156074272526,103266.91408431977
2011-03-02,GETINGE_5_min,short,149.925578,152.98830107142857,143.80013185714287,148.644163,eod,1.0,337.1735272041829,432.0592153623513,60.40188761364559,371.6573277487057,103638.57141206847
2011-03-08,GETINGE_5_min,long,154.164106,150.88311978571429,160.72607842857144,153.375542,eod,1.0,315.87627817763,-249.08866142486718,58.286687641379054,-307.37534906624626,103331.19606300222
2011-03-11,GETINGE_5_min,short,149.827008,152.9390165,143.602991,150.22129,eod,1.0,332.04021153220555,-130.9174786833424,59.77686020267894,-190.69433888602134,103140.5017241162
2011-03-16,GETINGE_5_min,long,143.912784,140.17414935714285,151.39005328571426,142.039946,eod,1.0,275.8774568174821,-516.6737844711399,47.33274715344965,-564.0065316245896,102576.49519249161
2011-03-18,GETINGE_5_min,short,142.335658,146.02500742857143,134.95695914285713,146.02500742857143,stop,1.0,278.03410107513366,-1025.7649519249162,48.10445903871612,-1073.8694109636324,101502.62578152798
2011-03-24,GETINGE_5_min,long,149.038445,145.2364437142857,156.64244757142856,150.122719,eod,1.0,266.97157142717447,289.4703336376264,47.92051563783759,241.54981799978884,101744.17559952778
2011-03-30,GETINGE_5_min,long,155.741232,151.9603529285714,163.30299014285717,154.459817,eod,1.0,269.10190375669504,-344.831216002388,50.0854156999343,-394.91663170232226,101349.25896782546
2011-04-01,GETINGE_5_min,short,154.755528,158.43079585714287,147.40499228571426,154.361246,eod,1.0,275.7601973713386,108.72728213996724,51.14526156541888,57.582020574548366,101406.84098840001
2011-04-11,GETINGE_5_min,long,157.515499,154.93858692857143,162.66932314285717,156.036943,eod,1.0,393.5207650767161,-581.842488328768,74.03363812050759,-655.8761264492756,100750.96486195074
2011-04-19,GETINGE_5_min,short,157.121218,159.7755782142857,151.8124975714286,158.008351,eod,1.0,379.5677930964738,-336.72711499305626,71.76782102686377,-408.49493601992003,100342.46992593081
2011-04-27,GETINGE_5_min,long,160.571182,157.9872292142857,165.7390875714286,157.9872292142857,stop,1.0,388.32934750466944,-1003.424699259308,74.22334798138064,-1077.6480472406886,99264.82187869013
2011-04-28,GETINGE_5_min,short,154.558387,157.48029542857145,148.71457014285713,155.051239,eod,1.0,339.725984935202,-167.4346311272839,63.109461082961715,-230.5440922102456,99034.27778647988
2011-05-06,GETINGE_5_min,short,160.669752,164.0774717142857,153.85431257142855,164.0774717142857,stop,1.0,290.61743948985,-990.3427778647989,56.62632398236992,-1046.9691018471688,97987.30868463272
2011-05-11,GETINGE_5_min,long,167.56968,163.98594171428573,174.73715657142856,169.146806,eod,1.0,273.42205505138566,431.2210319949697,55.23942814308067,375.981603851889,98363.29028848461
2011-05-16,GETINGE_5_min,short,169.146806,172.63197385714287,162.17647028571426,170.921074,eod,1.0,282.23401087235595,-500.75877400247504,57.58723304475542,-558.3460070472305,97804.94428143738
2011-05-23,GETINGE_5_min,short,170.13251,172.94176657142856,164.51399685714287,168.358243,eod,1.0,348.15240899018926,617.7153302417993,70.70782264671186,547.0075075950874,98351.95178903246
2011-05-25,GETINGE_5_min,long,167.372539,164.330938,173.45574099999996,168.456814,eod,1.0,323.3558635371073,350.6066789367033,65.15543426425381,285.4512446724495,98637.40303370492
2011-05-31,GETINGE_5_min,long,169.048236,166.4642832857143,174.21614142857143,169.738229,eod,1.0,381.73068140285756,263.3914980531969,77.59511288070921,185.7963851724877,98823.19941887741
2011-06-03,GETINGE_5_min,short,167.766821,170.3296515,162.64115999999996,166.879687,eod,1.0,385.60177670305046,342.0804465736852,77.42417283136294,264.65627374232224,99087.85569261973
2011-06-07,GETINGE_5_min,short,165.696842,168.37232442857143,160.34587714285715,167.372539,eod,1.0,370.3550979608849,-620.6029265877555,74.01236593681577,-694.6152925245713,98393.24040009516
2011-06-09,GETINGE_5_min,long,164.908279,162.10606328571427,170.51271042857144,166.583976,eod,1.0,351.1265742265504,588.3817470517126,69.83744392847044,518.5443031232422,98911.7847032184
2011-06-17,GETINGE_5_min,short,159.191196,162.29616364285715,152.98126071428567,162.29616364285715,stop,1.0,318.55979217935015,-989.117847032184,61.44776788566994,-1050.565614917854,97861.21908830055
2011-06-27,GETINGE_5_min,long,159.191196,155.64266164285712,166.28826471428573,160.866893,eod,1.0,275.7792633212498,462.12248420963215,52.959230402656196,409.16325380697594,98270.38234210754
2011-06-28,GETINGE_5_min,short,161.458315,165.01389014285715,154.3471647142857,161.458315,eod,1.0,276.38392775786053,0.0,53.54937992263906,-53.54937992263906,98216.8329621849
2011-07-01,GETINGE_5_min,short,166.189694,169.639658,159.28976600000001,162.049738,eod,1.0,284.68944302660856,1178.6017677946697,56.067780645270204,1122.5339871493995,99339.36694933429
2011-07-04,GETINGE_5_min,long,163.331153,159.662926,170.667607,163.429723,eod,1.0,270.81030413148983,26.693771678239642,53.094127324699215,-26.400355646459573,99312.96659368783
2011-07-05,GETINGE_5_min,short,162.64116,166.2671425714286,155.38919485714285,164.612568,eod,1.0,273.892564669885,-539.9539931307278,53.77941771582058,-593.7334108465484,98719.23318284129
2011-07-06,GETINGE_5_min,long,165.00685,161.43719335714283,172.1461632857143,163.626864,eod,1.0,276.5510609553371,-381.6365924035046,54.53040136343569,-436.1669937669403,98283.06618907435
2011-07-11,GETINGE_5_min,long,168.851095,165.35888649999998,175.835512,169.541088,eod,1.0,281.4352756688904,194.18837016460904,57.14129838408156,137.0470717805275,98420.11326085488
2011-07-12,GETINGE_5_min,long,168.259673,164.4647125,175.849594,169.541088,eod,1.0,259.34423628613484,332.3275945406,52.56400822705209,279.7635863135479,98699.87684716843
2011-07-20,GETINGE_5_min,short,169.639658,173.35717035714285,162.2046332857143,171.019644,eod,1.0,265.4997949301389,-366.38600000646323,54.26698489322655,-420.6529848996898,98279.22386226874
2011-07-26,GETINGE_5_min,long,176.638157,173.14594835714286,183.6225742857143,173.14594835714286,stop,1.0,281.42426158667774,-982.7922386226876,59.06264013893437,-1041.8548787616219,97237.36898350713
2011-08-01,GETINGE_5_min,long,170.723933,167.09090957142857,177.98997985714283,167.09090957142857,stop,1.0,267.6486152519608,-972.3736898350714,54.249404895481184,-1026.6230947305526,96210.74588877657
2011-08-02,GETINGE_5_min,short,161.754026,165.83061621428573,153.60084557142858,160.1769,eod,1.0,236.00789098600688,372.2141810792021,45.58694333305934,326.6272377461428,96537.37312652271
2011-08-03,GETINGE_5_min,short,158.205492,162.45810078571427,149.70027442857145,153.966965,eod,1.0,227.0074158968474,962.177061479018,42.51927766664382,919.6577838123742,97457.03091033509
2011-08-08,GETINGE_5_min,long,145.095629,139.98404964285714,155.31878771428572,139.98404964285714,stop,1.0,190.65933266623327,-974.5703091033511,32.611860772050825,-1007.1821698754019,96449.84874045968
2011-08-09,GETINGE_5_min,long,137.89999,132.55606614285716,148.58783771428568,132.55606614285716,stop,1.0,180.48507298909598,-964.4984874045969,29.28796861997197,-993.7864560245688,95456.06228443512
2011-08-16,GETINGE_5_min,long,151.601275,145.01113971428572,164.78154557142852,150.911282,eod,1.0,144.84689334278085,-99.9433424782635,26.290802447178546,-126.23414492544205,95329.82813950967
2011-08-19,GETINGE_5_min,short,144.799918,151.64352,131.11271399999998,146.672755,eod,1.0,139.29773844170018,-260.881958569939,24.36089049987432,-285.2428490698133,95044.58529043986
2011-09-01,GETINGE_5_min,short,160.866893,166.0629612857143,150.47475642857142,161.754026,eod,1.0,182.9163514878141,-162.27113164444003,35.407584850275356,-197.6787164947154,94846.90657394515
2011-09-02,GETINGE_5_min,short,160.27547,165.33776421428573,150.15088157142858,157.219788,eod,1.0,187.35953020329927,572.5111439706815,35.69145742839317,536.8196865422883,95383.72626048744
2011-09-05,GETINGE_5_min,short,154.952669,160.2050632142857,144.44788057142856,151.502705,eod,1.0,181.600470888225,626.5150869474232,33.391464134776264,593.123622812647,95976.84988330009
2011-09-07,GETINGE_5_min,long,158.895485,153.48819442857143,169.71006614285716,160.27547,eod,1.0,177.49526979450553,244.94080988737159,33.99080086097699,210.95000902639458,96187.79989232648
2011-09-08,GETINGE_5_min,short,160.965463,166.1896942142857,150.51700057142858,155.445521,eod,1.0,184.11857352197592,1016.3238469640403,34.95428341245885,981.3695635515815,97169.16945587806
2011-09-12,GETINGE_5_min,short,147.8556,153.0094237857143,137.54795242857145,149.827008,eod,1.0,188.53801273768454,-371.6853466151726,33.67469240333469,-405.3600390185073,96763.80941685956
2011-09-15,GETINGE_5_min,long,150.714142,145.5743997857143,160.99362642857145,153.769824,eod,1.0,188.2658806270638,575.2806626462658,34.394365197486565,540.8862974487793,97304.69571430834
2011-09-22,GETINGE_5_min,short,148.052741,153.1291165,137.89998999999997,146.081333,eod,1.0,191.68143829058374,377.88232089756247,33.82802541275339,344.0542954848091,97648.75000979315
2011-09-26,GETINGE_5_min,long,142.532798,137.24520014285716,153.10799371428573,146.672755,eod,1.0,184.6750691864405,764.5468454038852,32.045433305626666,732.5014120982585,98381.2514218914
2011-09-27,GETINGE_5_min,short,148.052741,153.51635742857144,137.12550814285711,149.235586,eod,1.0,180.06617541344298,-212.9903752569166,32.118943222770596,-245.1093184796872,98136.14210341171
2011-09-30,GETINGE_5_min,short,150.615571,155.86092442857142,140.12486414285712,147.8556,eod,1.0,187.09157245508808,516.3673143204379,33.50486442894089,482.862449891497,98619.00455330321
2011-10-04,GETINGE_5_min,short,153.375542,158.98701414285713,142.15259771428572,148.348452,eod,1.0,175.7453339206819,883.4876106993185,31.815950446447093,851.6716602528713,99470.67621355609
2011-10-13,GETINGE_5_min,long,154.262676,148.510389,165.76725,155.938373,eod,1.0,172.9237018485972,289.7677284165912,32.184668226238855,257.58306019035234,99728.25927374644
2011-10-17,GETINGE_5_min,long,162.444019,157.0296877142857,173.2726815714286,157.0296877142857,stop,1.0,184.1931237877506,-997.2825927374645,35.30691600465357,-1032.5895087421181,98695.66976500432
2011-10-24,GETINGE_5_min,short,163.134012,168.0414097857143,153.31921642857142,164.612568,eod,1.0,201.11609874445648,-297.3614144952081,39.54906812786274,-336.91048262307083,98358.75928238124
2011-10-26,GETINGE_5_min,long,164.612568,160.05720742857145,173.72328914285714,163.331153,eod,1.0,215.918713217329,-276.6814778973858,42.48551174761365,-319.16698964499943,98039.59229273624
2011-10-27,GETINGE_5_min,long,167.372539,162.88758585714285,176.34244528571426,168.062532,eod,1.0,218.59669247353648,150.83018762989622,43.994998236135515,106.8351893937607,98146.42748213
2011-11-01,GETINGE_5_min,long,164.415427,160.28251107142856,172.68125885714286,161.754026,eod,1.0,237.47501565088658,-632.0162441282813,46.47425757360967,-678.4905017018909,97467.93698042812
2011-11-02,GETINGE_5_min,long,162.73973,158.34630657142858,171.52657685714286,166.189694,eod,1.0,221.84963176226566,765.3732429930718,43.78372295410449,721.5895200389673,98189.52650046708
2011-11-03,GETINGE_5_min,long,165.302561,160.94434128571427,174.01900042857145,166.189694,eod,1.0,225.29732995932613,199.86869621880817,44.810591972217644,155.05810424659052,98344.58460471367
2011-11-07,GETINGE_5_min,long,167.175398,162.94391164285713,175.63837071428574,165.401131,eod,1.0,232.41144199532914,-412.35995195472873,46.37675440721483,-458.73670636194356,97885.84789835173
2011-11-09,GETINGE_5_min,short,168.062532,172.09687757142856,159.99384085714289,166.485406,eod,1.0,242.63129215202653,382.6601192665552,48.70307909024163,333.9570401763136,98219.80493852805
2011-11-10,GETINGE_5_min,long,165.10542,160.98658557142858,173.34308885714287,166.583976,eod,1.0,238.46504792035157,352.58392739292276,47.45779662708748,305.1261307658353,98524.93106929389
2011-11-30,GETINGE_5_min,long,163.528294,159.177115,172.230652,170.428222,eod,1.0,226.43272333612074,1562.3694878631568,45.37121003623366,1516.9982778269232,100041.92934712081
2011-12-01,GETINGE_5_min,long,172.301059,167.56967992857145,181.76381714285714,169.245377,eod,1.0,211.4434879066132,-646.1040600134596,43.3306618259477,-689.4347218394073,99352.4946252814
2011-12-02,GETINGE_5_min,short,170.526792,175.17368221428572,161.23301157142856,170.03394,eod,1.0,213.80426488202073,105.3738595556335,43.688002171765724,61.68585738386778,99414.18048266527
2011-12-07,GETINGE_5_min,short,171.413926,175.6383717142857,162.9650345714286,172.301059,eod,1.0,235.33070894124336,-208.76963781517338,48.53201465626729,-257.30165247144066,99156.87883019382
2011-12-08,GETINGE_5_min,short,172.39963,176.55366821428572,164.09155357142856,169.245377,eod,1.0,238.6999678750998,752.9200897699399,48.93039131735294,703.9896984525869,99860.8685286464
2011-12-09,GETINGE_5_min,long,167.963962,163.71839414285716,176.4550977142857,165.499702,eod,1.0,235.2120420372933,-579.6236267108194,47.060801612806706,-626.6844283236261,99234.18410032277
2011-12-12,GETINGE_5_min,long,164.908279,160.7472,173.230437,164.612568,eod,1.0,238.48185554833915,-70.52170798605086,47.150845820652215,-117.67255380670306,99116.51154651608
2011-12-16,GETINGE_5_min,short,165.00685,168.8651769285714,157.29019614285716,163.824005,eod,1.0,256.8898732052625,303.8609020714752,50.68398998815683,253.17691208331837,99369.6884585994
2011-12-21,GETINGE_5_min,short,165.696842,169.4143540714286,158.26181785714283,165.598272,eod,1.0,267.30158920617316,26.347917648051194,53.13342628106419,-26.785508633012995,99342.90294996639
