ticker,report_date,source
SKF,2026-04-21,tradingview_bulk
SKF,2025-04-25,tradingview_bulk
SKF,2025-07-18,tradingview_bulk
SKF,2025-10-29,tradingview_bulk
SKF,2026-01-30,tradingview_bulk
SKF,2024-04-26,tradingview_bulk
SKF,2024-07-18,tradingview_bulk
SKF,2024-10-30,tradingview_bulk
SKF,2025-01-31,tradingview_bulk
SKF,2023-04-27,tradingview_bulk
SKF,2023-07-19,tradingview_bulk
SKF,2023-10-27,tradingview_bulk
SKF,2024-01-25,tradingview_bulk
SKF,2022-04-26,tradingview_bulk
SKF,2022-07-20,tradingview_bulk
SKF,2022-10-25,tradingview_bulk
SKF,2023-02-02,tradingview_bulk
SKF,2021-04-22,tradingview_bulk
SKF,2021-07-20,tradingview_bulk
SKF,2021-10-26,tradingview_bulk
SKF,2022-02-02,tradingview_bulk
SKF,2020-04-22,tradingview_bulk
SKF,2020-07-21,tradingview_bulk
SKF,2020-10-27,tradingview_bulk
SKF,2021-02-02,tradingview_bulk
SKF,2019-04-26,tradingview_bulk
SKF,2019-07-18,tradingview_bulk
SKF,2019-10-24,tradingview_bulk
SKF,2020-01-29,tradingview_bulk
SKF,2018-04-26,tradingview_bulk
SKF,2018-07-19,tradingview_bulk
SKF,2018-10-25,tradingview_bulk
SKF,2019-01-29,tradingview_bulk
SKF,2017-04-27,tradingview_bulk
SKF,2017-07-21,tradingview_bulk
SKF,2017-10-31,tradingview_bulk
SKF,2018-02-01,tradingview_bulk
SKF,2016-04-28,tradingview_bulk
SKF,2016-07-21,tradingview_bulk
SKF,2016-10-26,tradingview_bulk
SKF,2017-02-02,tradingview_bulk
SKF,2015-04-17,tradingview_bulk
SKF,2015-07-15,tradingview_bulk
SKF,2015-10-15,tradingview_bulk
SKF,2016-01-28,tradingview_bulk
SKF,2014-04-15,tradingview_bulk
SKF,2014-07-15,tradingview_bulk
SKF,2014-10-15,tradingview_bulk
SKF,2015-01-28,tradingview_bulk
SKF,2013-04-17,tradingview_bulk
SKF,2013-07-16,tradingview_bulk
SKF,2013-10-15,tradingview_bulk
SKF,2014-01-28,tradingview_bulk
SKF,2012-04-19,tradingview_bulk
SKF,2012-07-13,tradingview_bulk
SKF,2012-10-18,tradingview_bulk
SKF,2013-01-30,tradingview_bulk
SKF,2011-04-19,tradingview_bulk
SKF,2011-07-14,tradingview_bulk
SKF,2011-10-18,tradingview_bulk
SKF,2012-01-25,tradingview_bulk
SKF,2010-04-20,tradingview_bulk
SKF,2010-07-15,tradingview_bulk
SKF,2010-10-19,tradingview_bulk
SKF,2011-02-01,tradingview_bulk
SKF,2009-04-21,tradingview_bulk
SKF,2009-07-15,tradingview_bulk
SKF,2009-10-20,tradingview_bulk
SKF,2010-01-28,tradingview_bulk
ALFA,2026-04-22,tradingview_bulk
ALFA,2025-04-25,tradingview_bulk
ALFA,2025-07-17,tradingview_bulk
ALFA,2025-10-28,tradingview_bulk
ALFA,2026-01-30,tradingview_bulk
ALFA,2024-04-25,tradingview_bulk
ALFA,2024-07-23,tradingview_bulk
ALFA,2024-10-24,tradingview_bulk
ALFA,2025-02-05,tradingview_bulk
ALFA,2023-04-25,tradingview_bulk
ALFA,2023-07-20,tradingview_bulk
ALFA,2023-10-25,tradingview_bulk
ALFA,2024-02-06,tradingview_bulk
ALFA,2022-04-26,tradingview_bulk
ALFA,2022-07-20,tradingview_bulk
ALFA,2022-10-25,tradingview_bulk
ALFA,2023-02-02,tradingview_bulk
ALFA,2021-04-27,tradingview_bulk
ALFA,2021-07-20,tradingview_bulk
ALFA,2021-10-27,tradingview_bulk
ALFA,2022-02-02,tradingview_bulk
ALFA,2020-04-23,tradingview_bulk
ALFA,2020-07-21,tradingview_bulk
ALFA,2020-10-22,tradingview_bulk
ALFA,2021-02-03,tradingview_bulk
ALFA,2019-04-24,tradingview_bulk
ALFA,2019-07-17,tradingview_bulk
ALFA,2019-10-24,tradingview_bulk
ALFA,2020-02-04,tradingview_bulk
ALFA,2018-04-23,tradingview_bulk
ALFA,2018-07-17,tradingview_bulk
ALFA,2018-10-25,tradingview_bulk
ALFA,2019-02-05,tradingview_bulk
ALFA,2017-04-25,tradingview_bulk
ALFA,2017-07-17,tradingview_bulk
ALFA,2017-10-25,tradingview_bulk
ALFA,2018-01-30,tradingview_bulk
ALFA,2016-04-25,tradingview_bulk
ALFA,2016-07-18,tradingview_bulk
ALFA,2016-10-25,tradingview_bulk
ALFA,2017-01-31,tradingview_bulk
ALFA,2015-04-21,tradingview_bulk
ALFA,2015-07-14,tradingview_bulk
ALFA,2015-10-22,tradingview_bulk
ALFA,2016-02-02,tradingview_bulk
ALFA,2014-04-24,tradingview_bulk
ALFA,2014-07-17,tradingview_bulk
ALFA,2014-10-21,tradingview_bulk
ALFA,2015-02-03,tradingview_bulk
ALFA,2013-04-23,tradingview_bulk
ALFA,2013-07-16,tradingview_bulk
ALFA,2013-10-29,tradingview_bulk
ALFA,2014-02-04,tradingview_bulk
ALFA,2012-04-24,tradingview_bulk
ALFA,2012-07-17,tradingview_bulk
ALFA,2012-10-23,tradingview_bulk
ALFA,2013-02-05,tradingview_bulk
ALFA,2011-04-26,tradingview_bulk
ALFA,2011-07-19,tradingview_bulk
ALFA,2011-10-21,tradingview_bulk
ALFA,2012-02-07,tradingview_bulk
ALFA,2010-04-26,tradingview_bulk
ALFA,2010-07-20,tradingview_bulk
ALFA,2010-10-21,tradingview_bulk
ALFA,2011-02-08,tradingview_bulk
ALFA,2009-04-20,tradingview_bulk
ALFA,2009-07-17,tradingview_bulk
ALFA,2009-10-20,tradingview_bulk
ALFA,2010-02-09,tradingview_bulk
ASSA,2026-04-28,tradingview_bulk
ASSA,2025-04-23,tradingview_bulk
ASSA,2025-07-17,tradingview_bulk
ASSA,2025-10-21,tradingview_bulk
ASSA,2026-02-05,tradingview_bulk
ASSA,2024-04-24,tradingview_bulk
ASSA,2024-07-19,tradingview_bulk
ASSA,2024-10-23,tradingview_bulk
ASSA,2025-02-07,tradingview_bulk
ASSA,2023-04-26,tradingview_bulk
ASSA,2023-07-19,tradingview_bulk
ASSA,2023-10-25,tradingview_bulk
ASSA,2024-02-02,tradingview_bulk
ASSA,2022-04-27,tradingview_bulk
ASSA,2022-07-19,tradingview_bulk
ASSA,2022-10-25,tradingview_bulk
ASSA,2023-02-03,tradingview_bulk
ASSA,2021-04-28,tradingview_bulk
ASSA,2021-07-19,tradingview_bulk
ASSA,2021-10-28,tradingview_bulk
ASSA,2022-02-04,tradingview_bulk
ASSA,2020-04-29,tradingview_bulk
ASSA,2020-07-17,tradingview_bulk
ASSA,2020-10-28,tradingview_bulk
ASSA,2021-02-05,tradingview_bulk
ASSA,2019-04-26,tradingview_bulk
ASSA,2019-07-19,tradingview_bulk
ASSA,2019-10-18,tradingview_bulk
ASSA,2020-01-31,tradingview_bulk
ASSA,2018-04-26,tradingview_bulk
ASSA,2018-07-18,tradingview_bulk
ASSA,2018-10-19,tradingview_bulk
ASSA,2019-02-01,tradingview_bulk
ASSA,2017-04-27,tradingview_bulk
ASSA,2017-07-19,tradingview_bulk
ASSA,2017-10-20,tradingview_bulk
ASSA,2018-02-02,tradingview_bulk
ASSA,2016-04-27,tradingview_bulk
ASSA,2016-07-19,tradingview_bulk
ASSA,2016-10-21,tradingview_bulk
ASSA,2017-02-02,tradingview_bulk
ASSA,2015-04-24,tradingview_bulk
ASSA,2015-07-17,tradingview_bulk
ASSA,2015-10-22,tradingview_bulk
ASSA,2016-02-05,tradingview_bulk
ASSA,2014-04-28,tradingview_bulk
ASSA,2014-07-18,tradingview_bulk
ASSA,2014-10-23,tradingview_bulk
ASSA,2015-02-05,tradingview_bulk
ASSA,2013-04-24,tradingview_bulk
ASSA,2013-07-19,tradingview_bulk
ASSA,2013-10-28,tradingview_bulk
ASSA,2014-02-06,tradingview_bulk
ASSA,2012-04-24,tradingview_bulk
ASSA,2012-07-19,tradingview_bulk
ASSA,2012-10-29,tradingview_bulk
ASSA,2013-02-07,tradingview_bulk
ASSA,2011-04-28,tradingview_bulk
ASSA,2011-07-29,tradingview_bulk
ASSA,2011-10-28,tradingview_bulk
ASSA,2012-02-07,tradingview_bulk
ASSA,2010-04-21,tradingview_bulk
ASSA,2010-07-27,tradingview_bulk
ASSA,2010-10-27,tradingview_bulk
ASSA,2011-02-07,tradingview_bulk
ASSA,2009-04-22,tradingview_bulk
ASSA,2009-07-29,tradingview_bulk
ASSA,2009-10-28,tradingview_bulk
ASSA,2010-02-12,tradingview_bulk
ATCO,2026-04-21,tradingview_bulk
ATCO,2025-04-29,tradingview_bulk
ATCO,2025-07-18,tradingview_bulk
ATCO,2025-10-23,tradingview_bulk
ATCO,2026-01-27,tradingview_bulk
ATCO,2024-04-24,tradingview_bulk
ATCO,2024-07-18,tradingview_bulk
ATCO,2024-10-23,tradingview_bulk
ATCO,2025-01-28,tradingview_bulk
ATCO,2023-04-27,tradingview_bulk
ATCO,2023-07-19,tradingview_bulk
ATCO,2023-10-25,tradingview_bulk
ATCO,2024-01-25,tradingview_bulk
ATCO,2022-04-26,tradingview_bulk
ATCO,2022-07-19,tradingview_bulk
ATCO,2022-10-19,tradingview_bulk
ATCO,2023-01-26,tradingview_bulk
ATCO,2021-04-27,tradingview_bulk
ATCO,2021-07-16,tradingview_bulk
ATCO,2021-10-21,tradingview_bulk
ATCO,2022-01-25,tradingview_bulk
ATCO,2020-04-23,tradingview_bulk
ATCO,2020-07-16,tradingview_bulk
ATCO,2020-10-22,tradingview_bulk
ATCO,2021-01-29,tradingview_bulk
ATCO,2019-04-25,tradingview_bulk
ATCO,2019-07-15,tradingview_bulk
ATCO,2019-10-22,tradingview_bulk
ATCO,2020-01-24,tradingview_bulk
ATCO,2018-04-25,tradingview_bulk
ATCO,2018-07-16,tradingview_bulk
ATCO,2018-10-19,tradingview_bulk
ATCO,2019-01-25,tradingview_bulk
ATCO,2017-04-26,tradingview_bulk
ATCO,2017-07-17,tradingview_bulk
ATCO,2017-10-18,tradingview_bulk
ATCO,2018-01-26,tradingview_bulk
ATCO,2016-04-26,tradingview_bulk
ATCO,2016-07-15,tradingview_bulk
ATCO,2016-10-20,tradingview_bulk
ATCO,2017-01-27,tradingview_bulk
ATCO,2015-04-28,tradingview_bulk
ATCO,2015-07-16,tradingview_bulk
ATCO,2015-10-20,tradingview_bulk
ATCO,2016-01-28,tradingview_bulk
ATCO,2014-04-29,tradingview_bulk
ATCO,2014-07-17,tradingview_bulk
ATCO,2014-10-21,tradingview_bulk
ATCO,2015-01-29,tradingview_bulk
ATCO,2013-04-25,tradingview_bulk
ATCO,2013-07-17,tradingview_bulk
ATCO,2013-10-24,tradingview_bulk
ATCO,2014-01-30,tradingview_bulk
ATCO,2012-04-24,tradingview_bulk
ATCO,2012-07-17,tradingview_bulk
ATCO,2012-10-24,tradingview_bulk
ATCO,2013-01-31,tradingview_bulk
ATCO,2011-04-19,tradingview_bulk
ATCO,2011-07-15,tradingview_bulk
ATCO,2011-10-20,tradingview_bulk
ATCO,2012-01-24,tradingview_bulk
ATCO,2010-04-21,tradingview_bulk
ATCO,2010-07-16,tradingview_bulk
ATCO,2010-10-21,tradingview_bulk
ATCO,2011-01-27,tradingview_bulk
ATCO,2009-04-27,tradingview_bulk
ATCO,2009-07-17,tradingview_bulk
ATCO,2009-10-20,tradingview_bulk
ATCO,2010-01-29,tradingview_bulk
BOL,2026-04-28,tradingview_bulk
BOL,2025-04-24,tradingview_bulk
BOL,2025-07-18,tradingview_bulk
BOL,2025-10-22,tradingview_bulk
BOL,2026-02-03,tradingview_bulk
BOL,2024-04-23,tradingview_bulk
BOL,2024-07-19,tradingview_bulk
BOL,2024-10-22,tradingview_bulk
BOL,2025-02-13,tradingview_bulk
BOL,2023-04-25,tradingview_bulk
BOL,2023-07-20,tradingview_bulk
BOL,2023-10-24,tradingview_bulk
BOL,2024-02-08,tradingview_bulk
BOL,2022-04-28,tradingview_bulk
BOL,2022-07-21,tradingview_bulk
BOL,2022-10-21,tradingview_bulk
BOL,2023-02-14,tradingview_bulk
BOL,2021-04-27,tradingview_bulk
BOL,2021-07-22,tradingview_bulk
BOL,2021-10-21,tradingview_bulk
BOL,2022-02-11,tradingview_bulk
BOL,2020-04-29,tradingview_bulk
BOL,2020-07-21,tradingview_bulk
BOL,2020-10-22,tradingview_bulk
BOL,2021-02-12,tradingview_bulk
BOL,2019-05-03,tradingview_bulk
BOL,2019-07-19,tradingview_bulk
BOL,2019-10-24,tradingview_bulk
BOL,2020-02-13,tradingview_bulk
BOL,2018-04-27,tradingview_bulk
BOL,2018-07-20,tradingview_bulk
BOL,2018-10-24,tradingview_bulk
BOL,2019-02-12,tradingview_bulk
BOL,2017-04-27,tradingview_bulk
BOL,2017-07-20,tradingview_bulk
BOL,2017-10-24,tradingview_bulk
BOL,2018-02-13,tradingview_bulk
BOL,2016-05-03,tradingview_bulk
BOL,2016-07-20,tradingview_bulk
BOL,2016-10-27,tradingview_bulk
BOL,2017-02-10,tradingview_bulk
BOL,2015-04-21,tradingview_bulk
BOL,2015-07-17,tradingview_bulk
BOL,2015-10-22,tradingview_bulk
BOL,2016-02-11,tradingview_bulk
BOL,2014-04-28,tradingview_bulk
BOL,2014-07-18,tradingview_bulk
BOL,2014-10-23,tradingview_bulk
BOL,2015-02-13,tradingview_bulk
BOL,2013-05-03,tradingview_bulk
BOL,2013-07-19,tradingview_bulk
BOL,2013-10-24,tradingview_bulk
BOL,2014-02-13,tradingview_bulk
BOL,2012-05-03,tradingview_bulk
BOL,2012-07-19,tradingview_bulk
BOL,2012-10-25,tradingview_bulk
BOL,2013-02-08,tradingview_bulk
BOL,2011-04-27,tradingview_bulk
BOL,2011-07-19,tradingview_bulk
BOL,2011-10-21,tradingview_bulk
BOL,2012-02-09,tradingview_bulk
BOL,2010-04-27,tradingview_bulk
BOL,2010-07-19,tradingview_bulk
BOL,2010-10-21,tradingview_bulk
BOL,2011-02-11,tradingview_bulk
BOL,2009-04-28,tradingview_bulk
BOL,2009-07-20,tradingview_bulk
BOL,2009-10-22,tradingview_bulk
BOL,2010-02-11,tradingview_bulk
ESSITY,2026-04-23,tradingview_bulk
ESSITY,2025-04-24,tradingview_bulk
ESSITY,2025-07-17,tradingview_bulk
ESSITY,2025-10-21,tradingview_bulk
ESSITY,2026-01-22,tradingview_bulk
ESSITY,2024-04-25,tradingview_bulk
ESSITY,2024-07-18,tradingview_bulk
ESSITY,2024-10-24,tradingview_bulk
ESSITY,2025-01-24,tradingview_bulk
ESSITY,2023-04-27,tradingview_bulk
ESSITY,2023-07-20,tradingview_bulk
ESSITY,2023-10-26,tradingview_bulk
ESSITY,2024-01-25,tradingview_bulk
ESSITY,2022-04-22,tradingview_bulk
ESSITY,2022-07-21,tradingview_bulk
ESSITY,2022-10-27,tradingview_bulk
ESSITY,2023-01-26,tradingview_bulk
ESSITY,2021-04-23,tradingview_bulk
ESSITY,2021-07-16,tradingview_bulk
ESSITY,2021-10-22,tradingview_bulk
ESSITY,2022-01-26,tradingview_bulk
ESSITY,2020-04-23,tradingview_bulk
ESSITY,2020-07-17,tradingview_bulk
ESSITY,2020-10-22,tradingview_bulk
ESSITY,2021-01-27,tradingview_bulk
ESSITY,2019-04-25,tradingview_bulk
ESSITY,2019-07-18,tradingview_bulk
ESSITY,2019-10-25,tradingview_bulk
ESSITY,2020-01-24,tradingview_bulk
ESSITY,2018-04-26,tradingview_bulk
ESSITY,2018-07-19,tradingview_bulk
ESSITY,2018-10-25,tradingview_bulk
ESSITY,2019-01-24,tradingview_bulk
ESSITY,2017-04-27,tradingview_bulk
ESSITY,2017-07-18,tradingview_bulk
ESSITY,2017-10-26,tradingview_bulk
ESSITY,2018-01-25,tradingview_bulk
GETI,2026-04-21,tradingview_bulk
GETI,2025-04-22,tradingview_bulk
GETI,2025-07-17,tradingview_bulk
GETI,2025-10-20,tradingview_bulk
GETI,2026-01-26,tradingview_bulk
GETI,2024-04-22,tradingview_bulk
GETI,2024-07-17,tradingview_bulk
GETI,2024-10-17,tradingview_bulk
GETI,2025-01-28,tradingview_bulk
GETI,2023-04-27,tradingview_bulk
GETI,2023-07-18,tradingview_bulk
GETI,2023-10-23,tradingview_bulk
GETI,2024-02-01,tradingview_bulk
GETI,2022-04-26,tradingview_bulk
GETI,2022-07-19,tradingview_bulk
GETI,2022-10-19,tradingview_bulk
GETI,2023-02-02,tradingview_bulk
GETI,2021-04-20,tradingview_bulk
GETI,2021-07-16,tradingview_bulk
GETI,2021-10-20,tradingview_bulk
GETI,2022-01-28,tradingview_bulk
GETI,2020-04-22,tradingview_bulk
GETI,2020-07-17,tradingview_bulk
GETI,2020-10-16,tradingview_bulk
GETI,2021-01-28,tradingview_bulk
GETI,2019-04-17,tradingview_bulk
GETI,2019-07-17,tradingview_bulk
GETI,2019-10-18,tradingview_bulk
GETI,2020-01-30,tradingview_bulk
GETI,2018-04-26,tradingview_bulk
GETI,2018-07-17,tradingview_bulk
GETI,2018-10-18,tradingview_bulk
GETI,2019-01-30,tradingview_bulk
GETI,2017-04-21,tradingview_bulk
GETI,2017-07-17,tradingview_bulk
GETI,2017-10-18,tradingview_bulk
GETI,2018-01-30,tradingview_bulk
GETI,2016-04-22,tradingview_bulk
GETI,2016-07-14,tradingview_bulk
GETI,2016-10-18,tradingview_bulk
GETI,2017-01-26,tradingview_bulk
GETI,2015-04-20,tradingview_bulk
GETI,2015-07-15,tradingview_bulk
GETI,2015-09-30,tradingview_bulk
GETI,2016-01-28,tradingview_bulk
GETI,2014-04-17,tradingview_bulk
GETI,2014-07-15,tradingview_bulk
GETI,2014-10-16,tradingview_bulk
GETI,2015-01-28,tradingview_bulk
GETI,2013-04-17,tradingview_bulk
GETI,2013-07-15,tradingview_bulk
GETI,2013-10-16,tradingview_bulk
GETI,2014-01-28,tradingview_bulk
GETI,2012-04-18,tradingview_bulk
GETI,2012-07-13,tradingview_bulk
GETI,2012-10-16,tradingview_bulk
GETI,2013-01-25,tradingview_bulk
GETI,2011-04-18,tradingview_bulk
GETI,2011-07-13,tradingview_bulk
GETI,2011-10-18,tradingview_bulk
GETI,2012-01-26,tradingview_bulk
GETI,2010-04-19,tradingview_bulk
GETI,2010-07-14,tradingview_bulk
GETI,2010-10-19,tradingview_bulk
GETI,2011-01-26,tradingview_bulk
GETI,2009-04-21,tradingview_bulk
GETI,2009-07-15,tradingview_bulk
GETI,2009-10-19,tradingview_bulk
GETI,2010-01-26,tradingview_bulk
SHB,2026-04-22,tradingview_bulk
SHB,2025-04-30,tradingview_bulk
SHB,2025-07-16,tradingview_bulk
SHB,2025-10-22,tradingview_bulk
SHB,2026-02-04,tradingview_bulk
SHB,2024-04-24,tradingview_bulk
SHB,2024-07-17,tradingview_bulk
SHB,2024-10-23,tradingview_bulk
SHB,2025-02-05,tradingview_bulk
SHB,2023-04-26,tradingview_bulk
SHB,2023-07-19,tradingview_bulk
SHB,2023-10-18,tradingview_bulk
SHB,2024-02-07,tradingview_bulk
SHB,2022-04-27,tradingview_bulk
SHB,2022-07-15,tradingview_bulk
SHB,2022-10-19,tradingview_bulk
SHB,2023-02-08,tradingview_bulk
SHB,2021-04-21,tradingview_bulk
SHB,2021-07-16,tradingview_bulk
SHB,2021-10-20,tradingview_bulk
SHB,2022-02-09,tradingview_bulk
SHB,2020-04-22,tradingview_bulk
SHB,2020-07-15,tradingview_bulk
SHB,2020-10-21,tradingview_bulk
SHB,2021-02-03,tradingview_bulk
SHB,2019-04-17,tradingview_bulk
SHB,2019-07-17,tradingview_bulk
SHB,2019-10-23,tradingview_bulk
SHB,2020-02-05,tradingview_bulk
SHB,2018-04-25,tradingview_bulk
SHB,2018-07-18,tradingview_bulk
SHB,2018-10-24,tradingview_bulk
SHB,2019-02-06,tradingview_bulk
SHB,2017-04-26,tradingview_bulk
SHB,2017-07-19,tradingview_bulk
SHB,2017-10-25,tradingview_bulk
SHB,2018-02-07,tradingview_bulk
SHB,2016-04-20,tradingview_bulk
SHB,2016-07-15,tradingview_bulk
SHB,2016-10-19,tradingview_bulk
SHB,2017-02-08,tradingview_bulk
SHB,2015-04-22,tradingview_bulk
SHB,2015-07-15,tradingview_bulk
SHB,2015-10-21,tradingview_bulk
SHB,2016-02-03,tradingview_bulk
SHB,2014-04-30,tradingview_bulk
SHB,2014-07-16,tradingview_bulk
SHB,2014-10-22,tradingview_bulk
SHB,2015-02-04,tradingview_bulk
SHB,2013-04-24,tradingview_bulk
SHB,2013-07-17,tradingview_bulk
SHB,2013-10-23,tradingview_bulk
SHB,2014-02-05,tradingview_bulk
SHB,2012-04-25,tradingview_bulk
SHB,2012-07-18,tradingview_bulk
SHB,2012-10-24,tradingview_bulk
SHB,2013-02-06,tradingview_bulk
SHB,2011-04-27,tradingview_bulk
SHB,2011-07-20,tradingview_bulk
SHB,2011-10-26,tradingview_bulk
SHB,2012-02-15,tradingview_bulk
SHB,2010-04-28,tradingview_bulk
SHB,2010-07-21,tradingview_bulk
SHB,2010-10-20,tradingview_bulk
SHB,2011-02-09,tradingview_bulk
SHB,2009-04-28,tradingview_bulk
SHB,2009-07-22,tradingview_bulk
SHB,2009-10-21,tradingview_bulk
SHB,2010-02-10,tradingview_bulk
ABB,2012-04-25,tradingview_verified
ABB,2012-07-26,tradingview_verified
ABB,2012-10-25,tradingview_verified
ABB,2013-02-14,tradingview_verified
ABB,2013-04-24,tradingview_verified
ABB,2013-07-25,tradingview_verified
ABB,2013-10-24,tradingview_verified
ABB,2014-02-13,tradingview_verified
ABB,2014-04-29,tradingview_verified
ABB,2014-07-23,tradingview_verified
ABB,2014-10-22,tradingview_verified
ABB,2015-02-05,tradingview_verified
ABB,2015-04-29,tradingview_verified
ABB,2015-07-23,tradingview_verified
ABB,2015-10-21,tradingview_verified
ABB,2016-02-03,tradingview_verified
ABB,2016-04-20,tradingview_verified
ABB,2016-07-21,tradingview_verified
ABB,2016-10-27,tradingview_verified
ABB,2017-02-08,tradingview_verified
ABB,2017-04-20,tradingview_verified
ABB,2017-07-20,tradingview_verified
ABB,2017-10-26,tradingview_verified
ABB,2018-02-08,tradingview_verified
ABB,2018-04-19,tradingview_verified
ABB,2018-07-19,tradingview_verified
ABB,2018-10-25,tradingview_verified
ABB,2019-02-28,tradingview_verified
ABB,2019-04-17,tradingview_verified
ABB,2019-07-25,tradingview_verified
ABB,2019-10-23,tradingview_verified
ABB,2020-02-05,tradingview_verified
ABB,2020-04-28,tradingview_verified
ABB,2020-07-22,tradingview_verified
ABB,2020-10-23,tradingview_verified
ABB,2021-02-04,tradingview_verified
ABB,2021-04-27,tradingview_verified
ABB,2021-07-22,tradingview_verified
ABB,2021-10-21,tradingview_verified
ABB,2022-02-03,tradingview_verified
ABB,2022-04-21,tradingview_verified
ABB,2022-07-21,tradingview_verified
ABB,2022-10-20,tradingview_verified
ABB,2023-02-02,tradingview_verified
ABB,2023-04-25,tradingview_verified
ABB,2023-07-20,tradingview_verified
ABB,2023-10-18,tradingview_verified
ABB,2024-02-01,tradingview_verified
ABB,2024-04-18,tradingview_verified
ABB,2024-07-18,tradingview_verified
ABB,2024-10-17,tradingview_verified
ABB,2025-01-30,tradingview_verified
ABB,2025-04-17,tradingview_verified
ABB,2025-07-17,tradingview_verified
ABB,2025-10-16,tradingview_verified
ABB,2026-01-29,tradingview_verified
ABB,2026-04-22,tradingview_verified
ERIC,2009-04-30,ir_verified
ERIC,2009-07-24,ir_verified
ERIC,2009-10-22,ir_verified
ERIC,2010-01-25,ir_verified
ERIC,2010-04-23,ir_verified
ERIC,2010-07-23,ir_verified
ERIC,2010-10-22,ir_verified
ERIC,2011-01-25,ir_verified
ERIC,2011-04-27,ir_verified
ERIC,2011-07-21,ir_verified
ERIC,2011-10-20,ir_verified
ERIC,2012-01-25,ir_verified
ERIC,2012-04-25,ir_verified
ERIC,2012-07-18,ir_verified
ERIC,2012-10-26,ir_verified
ERIC,2013-01-31,ir_verified
ERIC,2013-04-24,ir_verified
ERIC,2013-07-18,ir_verified
ERIC,2013-10-24,ir_verified
ERIC,2014-01-30,ir_verified
ERIC,2014-04-23,ir_verified
ERIC,2014-07-18,ir_verified
ERIC,2014-10-24,ir_verified
ERIC,2015-01-27,ir_verified
ERIC,2015-04-23,ir_verified
ERIC,2015-07-17,ir_verified
ERIC,2015-10-23,ir_verified
ERIC,2016-01-27,ir_verified
ERIC,2016-04-21,ir_verified
ERIC,2016-07-19,ir_verified
ERIC,2016-10-21,ir_verified
ERIC,2017-01-26,ir_verified
ERIC,2017-04-25,ir_verified
ERIC,2017-07-18,ir_verified
ERIC,2017-10-20,ir_verified
ERIC,2018-01-31,ir_verified
ERIC,2018-04-20,ir_verified
ERIC,2018-07-18,ir_verified
ERIC,2018-10-18,ir_verified
ERIC,2019-01-25,ir_verified
ERIC,2019-04-17,ir_verified
ERIC,2019-07-17,ir_verified
ERIC,2019-10-17,ir_verified
ERIC,2020-01-24,ir_verified
ERIC,2020-04-22,ir_verified
ERIC,2020-07-17,ir_verified
ERIC,2020-10-21,ir_verified
ERIC,2021-01-29,ir_verified
ERIC,2021-04-21,ir_verified
ERIC,2021-07-16,ir_verified
ERIC,2021-10-19,ir_verified
ERIC,2022-01-25,ir_verified
ERIC,2022-04-14,ir_verified
ERIC,2022-07-14,ir_verified
ERIC,2022-10-20,ir_verified
ERIC,2023-01-20,ir_verified
ERIC,2023-04-18,ir_verified
ERIC,2023-07-14,ir_verified
ERIC,2023-10-17,ir_verified
ERIC,2024-01-23,ir_verified
ERIC,2024-04-16,ir_verified
ERIC,2024-07-12,ir_verified
ERIC,2024-10-15,ir_verified
ERIC,2025-01-24,ir_verified
ERIC,2025-04-15,ir_verified
ERIC,2025-07-15,ir_verified
ERIC,2025-10-14,ir_verified
ERIC,2026-01-23,ir_verified
ERIC,2026-04-17,ir_verified
VOLV,2009-04-24,ir_verified
VOLV,2009-07-21,ir_verified
VOLV,2009-10-23,ir_verified
VOLV,2010-02-05,ir_verified
VOLV,2010-04-23,ir_verified
VOLV,2010-07-22,ir_verified
VOLV,2010-10-22,ir_verified
VOLV,2011-02-04,ir_verified
VOLV,2011-04-27,ir_verified
VOLV,2011-07-22,ir_verified
VOLV,2011-10-25,ir_verified
VOLV,2012-02-03,ir_verified
VOLV,2012-04-26,ir_verified
VOLV,2012-07-24,ir_verified
VOLV,2012-10-24,ir_verified
VOLV,2013-02-06,ir_verified
VOLV,2013-04-25,ir_verified
VOLV,2013-07-24,ir_verified
VOLV,2013-10-25,ir_verified
VOLV,2014-02-06,ir_verified
VOLV,2014-04-25,ir_verified
VOLV,2014-07-18,ir_verified
VOLV,2014-10-24,ir_verified
VOLV,2015-02-05,ir_verified
VOLV,2015-04-22,ir_verified
VOLV,2015-07-17,ir_verified
VOLV,2015-10-23,ir_verified
VOLV,2016-02-05,ir_verified
VOLV,2016-04-22,ir_verified
VOLV,2016-07-19,ir_verified
VOLV,2016-10-21,ir_verified
VOLV,2017-02-01,ir_verified
VOLV,2017-04-25,ir_verified
VOLV,2017-07-19,ir_verified
VOLV,2017-10-20,ir_verified
VOLV,2018-01-31,ir_verified
VOLV,2018-04-24,ir_verified
VOLV,2018-07-19,ir_verified
VOLV,2018-10-19,ir_verified
VOLV,2019-01-30,ir_verified
VOLV,2019-04-24,ir_verified
VOLV,2019-07-18,ir_verified
VOLV,2019-10-18,ir_verified
VOLV,2020-01-30,ir_verified
VOLV,2020-04-23,ir_verified
VOLV,2020-07-17,ir_verified
VOLV,2020-10-16,ir_verified
VOLV,2021-02-03,ir_verified
VOLV,2021-04-22,ir_verified
VOLV,2021-07-20,ir_verified
VOLV,2021-10-21,ir_verified
VOLV,2022-01-28,ir_verified
VOLV,2022-04-22,ir_verified
VOLV,2022-07-19,ir_verified
VOLV,2022-10-20,ir_verified
VOLV,2023-01-26,ir_verified
VOLV,2023-04-20,ir_verified
VOLV,2023-07-19,ir_verified
VOLV,2023-10-18,ir_verified
VOLV,2024-01-26,ir_verified
VOLV,2024-04-17,ir_verified
VOLV,2024-07-18,ir_verified
VOLV,2024-10-18,ir_verified
VOLV,2025-01-29,ir_verified
VOLV,2025-04-23,ir_verified
VOLV,2025-07-17,ir_verified
VOLV,2025-10-17,ir_verified
VOLV,2026-01-28,ir_verified
VOLV,2026-04-24,ir_verified
HEXA,2009-04-23,user_table
HEXA,2009-08-06,user_table
HEXA,2009-10-28,user_table
HEXA,2010-02-09,user_table
HEXA,2010-05-05,user_table
HEXA,2010-08-05,user_table
HEXA,2010-10-28,user_table
HEXA,2011-02-09,user_table
HEXA,2011-05-10,user_table
HEXA,2011-08-04,user_table
HEXA,2011-10-27,user_table
HEXA,2012-02-08,user_table
HEXA,2012-05-09,user_table
HEXA,2012-08-09,user_table
HEXA,2012-10-26,user_table
HEXA,2013-02-12,user_table
HEXA,2013-04-24,user_table
HEXA,2013-07-24,user_table
HEXA,2013-10-24,user_table
HEXA,2014-01-29,user_table
HEXA,2014-04-24,user_table
HEXA,2014-07-24,user_table
HEXA,2014-10-24,user_table
HEXA,2015-01-28,user_table
HEXA,2015-05-06,user_table
HEXA,2015-07-24,user_table
HEXA,2015-10-28,user_table
HEXA,2016-01-29,user_table
HEXA,2016-04-29,user_table
HEXA,2016-07-26,user_table
HEXA,2016-10-28,user_table
HEXA,2017-01-27,user_table
HEXA,2017-04-28,user_table
HEXA,2017-07-26,user_table
HEXA,2017-10-27,user_table
HEXA,2018-02-02,user_table
HEXA,2018-04-27,user_table
HEXA,2018-07-26,user_table
HEXA,2018-10-26,user_table
HEXA,2019-01-31,user_table
HEXA,2019-05-03,user_table
HEXA,2019-07-26,user_table
HEXA,2019-10-25,user_table
HEXA,2020-01-30,user_table
HEXA,2020-04-29,user_table
HEXA,2020-07-24,user_table
HEXA,2020-10-28,user_table
HEXA,2021-01-29,user_table
HEXA,2021-04-29,user_table
HEXA,2021-07-27,user_table
HEXA,2021-10-29,user_table
HEXA,2022-01-28,user_table
HEXA,2022-04-29,user_table
HEXA,2022-07-27,user_table
HEXA,2022-10-28,user_table
HEXA,2023-01-27,user_table
HEXA,2023-04-28,user_table
HEXA,2023-07-26,user_table
HEXA,2023-10-27,user_table
HEXA,2024-01-31,user_table
HEXA,2024-04-30,user_table
HEXA,2024-07-26,user_table
HEXA,2024-10-25,user_table
HEXA,2025-01-31,user_table
HEXA,2025-04-30,user_table
HEXA,2025-07-25,user_table
HEXA,2025-10-24,user_table
HEXA,2026-01-30,user_table
HEXA,2026-04-23,user_table
HM,2009-03-26,user_table
HM,2009-06-25,user_table
HM,2009-09-24,user_table
HM,2010-01-28,user_table
HM,2010-04-08,user_table
HM,2010-06-24,user_table
HM,2010-09-29,user_table
HM,2011-01-27,user_table
HM,2011-03-31,user_table
HM,2011-06-22,user_table
HM,2011-09-29,user_table
HM,2012-01-26,user_table
HM,2012-03-29,user_table
HM,2012-06-21,user_table
HM,2012-09-27,user_table
HM,2013-01-30,user_table
HM,2013-03-21,user_table
HM,2013-06-19,user_table
HM,2013-09-26,user_table
HM,2014-01-30,user_table
HM,2014-03-27,user_table
HM,2014-06-18,user_table
HM,2014-09-25,user_table
HM,2015-01-28,user_table
HM,2015-03-24,user_table
HM,2015-06-25,user_table
HM,2015-09-24,user_table
HM,2016-01-28,user_table
HM,2016-04-06,user_table
HM,2016-06-22,user_table
HM,2016-09-30,user_table
HM,2017-01-31,user_table
HM,2017-03-30,user_table
HM,2017-06-29,user_table
HM,2017-09-28,user_table
HM,2018-01-31,user_table
HM,2018-03-27,user_table
HM,2018-06-28,user_table
HM,2018-09-27,user_table
HM,2019-01-31,user_table
HM,2019-03-29,user_table
HM,2019-06-27,user_table
HM,2019-10-03,user_table
HM,2020-01-30,user_table
HM,2020-04-03,user_table
HM,2020-06-26,user_table
HM,2020-10-01,user_table
HM,2021-01-29,user_table
HM,2021-03-31,user_table
HM,2021-07-01,user_table
HM,2021-09-30,user_table
HM,2022-01-28,user_table
HM,2022-03-31,user_table
HM,2022-06-29,user_table
HM,2022-09-29,user_table
HM,2023-01-27,user_table
HM,2023-03-30,user_table
HM,2023-06-29,user_table
HM,2023-09-27,user_table
HM,2024-01-31,user_table
HM,2024-03-27,user_table
HM,2024-06-27,user_table
HM,2024-09-25,user_table
HM,2025-01-31,user_table
HM,2025-03-27,user_table
HM,2025-06-26,user_table
HM,2025-09-25,user_table
HM,2026-01-29,user_table
HM,2026-03-26,user_table
HM,2026-06-25,user_table
HUSQ,2009-04-24,user_table
HUSQ,2009-07-21,user_table
HUSQ,2009-10-23,user_table
HUSQ,2010-02-24,user_table
HUSQ,2010-04-27,user_table
HUSQ,2010-07-20,user_table
HUSQ,2010-10-22,user_table
HUSQ,2011-02-23,user_table
HUSQ,2011-04-27,user_table
HUSQ,2011-07-20,user_table
HUSQ,2011-10-21,user_table
HUSQ,2012-02-23,user_table
HUSQ,2012-04-26,user_table
HUSQ,2012-07-19,user_table
HUSQ,2012-10-26,user_table
HUSQ,2013-02-13,user_table
HUSQ,2013-04-24,user_table
HUSQ,2013-07-19,user_table
HUSQ,2013-10-24,user_table
HUSQ,2014-02-06,user_table
HUSQ,2014-04-24,user_table
HUSQ,2014-07-18,user_table
HUSQ,2014-10-22,user_table
HUSQ,2015-02-06,user_table
HUSQ,2015-04-21,user_table
HUSQ,2015-07-17,user_table
HUSQ,2015-10-21,user_table
HUSQ,2016-02-04,user_table
HUSQ,2016-04-21,user_table
HUSQ,2016-07-19,user_table
HUSQ,2016-10-21,user_table
HUSQ,2017-02-09,user_table
HUSQ,2017-04-21,user_table
HUSQ,2017-07-18,user_table
HUSQ,2017-10-20,user_table
HUSQ,2018-02-02,user_table
HUSQ,2018-04-24,user_table
HUSQ,2018-07-17,user_table
HUSQ,2018-10-23,user_table
HUSQ,2019-02-05,user_table
HUSQ,2019-04-24,user_table
HUSQ,2019-07-16,user_table
HUSQ,2019-10-22,user_table
HUSQ,2020-02-04,user_table
HUSQ,2020-04-22,user_table
HUSQ,2020-07-16,user_table
HUSQ,2020-10-20,user_table
HUSQ,2021-02-03,user_table
HUSQ,2021-04-22,user_table
HUSQ,2021-07-16,user_table
HUSQ,2021-10-20,user_table
HUSQ,2022-02-03,user_table
HUSQ,2022-04-20,user_table
HUSQ,2022-07-15,user_table
HUSQ,2022-10-21,user_table
HUSQ,2023-02-02,user_table
HUSQ,2023-04-20,user_table
HUSQ,2023-07-18,user_table
HUSQ,2023-10-20,user_table
HUSQ,2024-02-02,user_table
HUSQ,2024-04-24,user_table
HUSQ,2024-07-18,user_table
HUSQ,2024-10-23,user_table
HUSQ,2025-02-05,user_table
HUSQ,2025-04-24,user_table
HUSQ,2025-07-15,user_table
HUSQ,2025-10-21,user_table
HUSQ,2026-02-05,user_table
HUSQ,2026-04-22,user_table
INVE,2009-04-21,user_table
INVE,2009-07-14,user_table
INVE,2009-10-20,user_table
INVE,2010-01-20,user_table
INVE,2010-04-21,user_table
INVE,2010-07-13,user_table
INVE,2010-10-20,user_table
INVE,2011-01-19,user_table
INVE,2011-04-19,user_table
INVE,2011-07-13,user_table
INVE,2011-10-19,user_table
INVE,2012-01-18,user_table
INVE,2012-04-18,user_table
INVE,2012-07-17,user_table
INVE,2012-10-18,user_table
INVE,2013-01-17,user_table
INVE,2013-04-18,user_table
INVE,2013-07-17,user_table
INVE,2013-10-23,user_table
INVE,2014-01-21,user_table
INVE,2014-04-23,user_table
INVE,2014-07-17,user_table
INVE,2014-10-22,user_table
INVE,2015-01-21,user_table
INVE,2015-04-21,user_table
INVE,2015-07-16,user_table
INVE,2015-10-21,user_table
INVE,2016-01-28,user_table
INVE,2016-04-21,user_table
INVE,2016-07-19,user_table
INVE,2016-10-21,user_table
INVE,2017-01-27,user_table
INVE,2017-04-21,user_table
INVE,2017-07-19,user_table
INVE,2017-10-20,user_table
INVE,2018-01-25,user_table
INVE,2018-04-18,user_table
INVE,2018-07-17,user_table
INVE,2018-10-17,user_table
INVE,2019-01-23,user_table
INVE,2019-04-17,user_table
INVE,2019-07-17,user_table
INVE,2019-10-18,user_table
INVE,2020-01-22,user_table
INVE,2020-04-22,user_table
INVE,2020-07-17,user_table
INVE,2020-10-16,user_table
INVE,2021-01-22,user_table
INVE,2021-04-21,user_table
INVE,2021-07-16,user_table
INVE,2021-10-18,user_table
INVE,2022-01-21,user_table
INVE,2022-04-21,user_table
INVE,2022-07-15,user_table
INVE,2022-10-21,user_table
INVE,2023-01-20,user_table
INVE,2023-04-21,user_table
INVE,2023-07-17,user_table
INVE,2023-10-19,user_table
INVE,2024-01-19,user_table
INVE,2024-04-18,user_table
INVE,2024-07-17,user_table
INVE,2024-10-17,user_table
INVE,2025-01-23,user_table
INVE,2025-04-23,user_table
INVE,2025-07-17,user_table
INVE,2025-10-17,user_table
INVE,2026-01-23,user_table
INVE,2026-04-22,user_table
KINV,2009-04-23,user_table
KINV,2009-07-23,user_table
KINV,2009-10-22,user_table
KINV,2010-02-17,user_table
KINV,2010-04-21,user_table
KINV,2010-07-22,user_table
KINV,2010-10-21,user_table
KINV,2011-02-16,user_table
KINV,2011-04-20,user_table
KINV,2011-07-21,user_table
KINV,2011-10-20,user_table
KINV,2012-02-15,user_table
KINV,2012-04-20,user_table
KINV,2012-07-20,user_table
KINV,2012-10-19,user_table
KINV,2013-02-15,user_table
KINV,2013-04-19,user_table
KINV,2013-07-19,user_table
KINV,2013-10-23,user_table
KINV,2014-02-14,user_table
KINV,2014-04-28,user_table
KINV,2014-07-18,user_table
KINV,2014-10-24,user_table
KINV,2015-02-13,user_table
KINV,2015-04-22,user_table
KINV,2015-07-23,user_table
KINV,2015-10-29,user_table
KINV,2016-02-11,user_table
KINV,2016-04-21,user_table
KINV,2016-07-21,user_table
KINV,2016-10-27,user_table
KINV,2017-02-10,user_table
KINV,2017-04-21,user_table
KINV,2017-07-20,user_table
KINV,2017-10-26,user_table
KINV,2018-02-01,user_table
KINV,2018-04-19,user_table
KINV,2018-07-18,user_table
KINV,2018-10-26,user_table
KINV,2019-02-01,user_table
KINV,2019-04-18,user_table
KINV,2019-07-12,user_table
KINV,2019-10-24,user_table
KINV,2020-02-13,user_table
KINV,2020-04-22,user_table
KINV,2020-07-15,user_table
KINV,2020-10-22,user_table
KINV,2021-02-04,user_table
KINV,2021-04-22,user_table
KINV,2021-07-14,user_table
KINV,2021-10-21,user_table
KINV,2022-02-04,user_table
KINV,2022-04-21,user_table
KINV,2022-07-12,user_table
KINV,2022-10-19,user_table
KINV,2023-02-02,user_table
KINV,2023-04-20,user_table
KINV,2023-07-11,user_table
KINV,2023-10-18,user_table
KINV,2024-02-01,user_table
KINV,2024-04-18,user_table
KINV,2024-07-09,user_table
KINV,2024-10-16,user_table
KINV,2025-04-17,user_table
KINV,2025-07-08,user_table
KINV,2025-10-16,user_table
KINV,2026-02-03,user_table
KINV,2026-04-16,user_table
NDA,2009-04-29,user_table
NDA,2009-07-22,user_table
NDA,2009-10-22,user_table
NDA,2010-02-10,user_table
NDA,2010-04-28,user_table
NDA,2010-07-21,user_table
NDA,2010-10-20,user_table
NDA,2011-02-02,user_table
NDA,2011-04-28,user_table
NDA,2011-07-19,user_table
NDA,2011-10-19,user_table
NDA,2012-01-25,user_table
NDA,2012-04-25,user_table
NDA,2012-07-18,user_table
NDA,2012-10-24,user_table
NDA,2013-01-23,user_table
NDA,2013-04-24,user_table
NDA,2013-07-17,user_table
NDA,2013-10-23,user_table
NDA,2014-01-23,user_table
NDA,2014-04-29,user_table
NDA,2014-07-17,user_table
NDA,2014-10-22,user_table
NDA,2015-01-28,user_table
NDA,2015-04-29,user_table
NDA,2015-07-16,user_table
NDA,2015-10-21,user_table
NDA,2016-01-27,user_table
NDA,2016-04-27,user_table
NDA,2016-07-20,user_table
NDA,2016-10-26,user_table
NDA,2017-01-26,user_table
NDA,2017-04-27,user_table
NDA,2017-07-20,user_table
NDA,2017-10-26,user_table
NDA,2018-01-25,user_table
NDA,2018-04-25,user_table
NDA,2018-07-19,user_table
NDA,2018-10-24,user_table
NDA,2019-01-24,user_table
NDA,2019-04-30,user_table
NDA,2019-07-18,user_table
NDA,2019-10-24,user_table
NDA,2020-01-30,user_table
NDA,2020-04-29,user_table
NDA,2020-07-17,user_table
NDA,2020-10-23,user_table
NDA,2021-01-28,user_table
NDA,2021-04-29,user_table
NDA,2021-07-21,user_table
NDA,2021-10-21,user_table
NDA,2022-02-03,user_table
NDA,2022-04-28,user_table
NDA,2022-07-18,user_table
NDA,2022-10-20,user_table
NDA,2023-02-02,user_table
NDA,2023-04-27,user_table
NDA,2023-07-18,user_table
NDA,2023-10-19,user_table
NDA,2024-02-01,user_table
NDA,2024-04-18,user_table
NDA,2024-07-15,user_table
NDA,2024-10-17,user_table
NDA,2025-01-30,user_table
NDA,2025-04-24,user_table
NDA,2025-07-17,user_table
NDA,2025-10-16,user_table
NDA,2026-01-29,user_table
NDA,2026-04-22,user_table
SAND,2009-04-28,user_table
SAND,2009-07-17,user_table
SAND,2009-10-22,user_table
SAND,2010-02-02,user_table
SAND,2010-04-27,user_table
SAND,2010-07-20,user_table
SAND,2010-10-22,user_table
SAND,2011-02-02,user_table
SAND,2011-04-27,user_table
SAND,2011-07-20,user_table
SAND,2011-10-25,user_table
SAND,2012-02-01,user_table
SAND,2012-04-26,user_table
SAND,2012-07-19,user_table
SAND,2012-10-24,user_table
SAND,2013-01-31,user_table
SAND,2013-04-24,user_table
SAND,2013-07-19,user_table
SAND,2013-10-24,user_table
SAND,2014-01-22,user_table
SAND,2014-04-25,user_table
SAND,2014-07-17,user_table
SAND,2014-10-24,user_table
SAND,2015-01-22,user_table
SAND,2015-04-21,user_table
SAND,2015-07-17,user_table
SAND,2015-10-23,user_table
SAND,2016-01-21,user_table
SAND,2016-04-21,user_table
SAND,2016-07-18,user_table
SAND,2016-10-24,user_table
SAND,2017-01-23,user_table
SAND,2017-04-24,user_table
SAND,2017-07-17,user_table
SAND,2017-10-24,user_table
SAND,2018-01-23,user_table
SAND,2018-04-17,user_table
SAND,2018-07-17,user_table
SAND,2018-10-24,user_table
SAND,2019-01-21,user_table
SAND,2019-04-17,user_table
SAND,2019-07-17,user_table
SAND,2019-10-18,user_table
SAND,2020-01-20,user_table
SAND,2020-04-21,user_table
SAND,2020-07-17,user_table
SAND,2020-10-16,user_table
SAND,2021-01-21,user_table
SAND,2021-04-20,user_table
SAND,2021-07-16,user_table
SAND,2021-10-18,user_table
SAND,2022-01-20,user_table
SAND,2022-04-20,user_table
SAND,2022-07-18,user_table
SAND,2022-10-17,user_table
SAND,2023-01-20,user_table
SAND,2023-04-21,user_table
SAND,2023-07-19,user_table
SAND,2023-10-23,user_table
SAND,2024-01-23,user_table
SAND,2024-04-22,user_table
SAND,2024-07-19,user_table
SAND,2024-10-21,user_table
SAND,2025-01-23,user_table
SAND,2025-04-16,user_table
SAND,2025-07-16,user_table
SAND,2025-10-20,user_table
SAND,2026-01-27,user_table
SAND,2026-04-22,user_table
SEB,2009-04-29,user_table
SEB,2009-07-15,user_table
SEB,2009-10-21,user_table
SEB,2010-02-04,user_table
SEB,2010-04-29,user_table
SEB,2010-07-15,user_table
SEB,2010-10-21,user_table
SEB,2011-02-03,user_table
SEB,2011-04-28,user_table
SEB,2011-07-14,user_table
SEB,2011-10-27,user_table
SEB,2012-02-02,user_table
SEB,2012-04-26,user_table
SEB,2012-07-13,user_table
SEB,2012-10-25,user_table
SEB,2013-01-31,user_table
SEB,2013-04-23,user_table
SEB,2013-07-16,user_table
SEB,2013-10-24,user_table
SEB,2014-01-31,user_table
SEB,2014-04-25,user_table
SEB,2014-07-15,user_table
SEB,2014-10-23,user_table
SEB,2015-01-30,user_table
SEB,2015-04-23,user_table
SEB,2015-07-14,user_table
SEB,2015-10-22,user_table
SEB,2016-02-03,user_table
SEB,2016-04-28,user_table
SEB,2016-07-15,user_table
SEB,2016-10-21,user_table
SEB,2017-02-01,user_table
SEB,2017-04-27,user_table
SEB,2017-07-14,user_table
SEB,2017-10-25,user_table
SEB,2018-02-01,user_table
SEB,2018-04-26,user_table
SEB,2018-07-13,user_table
SEB,2018-10-24,user_table
SEB,2019-01-30,user_table
SEB,2019-04-30,user_table
SEB,2019-07-15,user_table
SEB,2019-10-23,user_table
SEB,2020-01-30,user_table
SEB,2020-04-29,user_table
SEB,2020-07-15,user_table
SEB,2020-10-22,user_table
SEB,2021-01-28,user_table
SEB,2021-04-27,user_table
SEB,2021-07-15,user_table
SEB,2021-10-21,user_table
SEB,2022-01-27,user_table
SEB,2022-04-27,user_table
SEB,2022-07-14,user_table
SEB,2022-10-26,user_table
SEB,2023-01-26,user_table
SEB,2023-04-26,user_table
SEB,2023-07-14,user_table
SEB,2023-10-25,user_table
SEB,2024-01-25,user_table
SEB,2024-04-25,user_table
SEB,2024-07-16,user_table
SEB,2024-10-24,user_table
SEB,2025-01-30,user_table
SEB,2025-04-29,user_table
SEB,2025-07-15,user_table
SEB,2025-10-23,user_table
SEB,2026-01-29,user_table
SEB,2026-04-29,user_table
SWED,2009-04-23,user_table
SWED,2009-07-17,user_table
SWED,2009-10-21,user_table
SWED,2010-02-12,user_table
SWED,2010-04-27,user_table
SWED,2010-07-16,user_table
SWED,2010-10-21,user_table
SWED,2011-02-08,user_table
SWED,2011-04-28,user_table
SWED,2011-07-21,user_table
SWED,2011-10-20,user_table
SWED,2012-02-14,user_table
SWED,2012-04-25,user_table
SWED,2012-07-19,user_table
SWED,2012-10-23,user_table
SWED,2013-02-13,user_table
SWED,2013-04-23,user_table
SWED,2013-07-17,user_table
SWED,2013-10-22,user_table
SWED,2014-01-28,user_table
SWED,2014-04-25,user_table
SWED,2014-07-18,user_table
SWED,2014-10-21,user_table
SWED,2015-01-28,user_table
SWED,2015-04-28,user_table
SWED,2015-07-16,user_table
SWED,2015-10-20,user_table
SWED,2016-02-03,user_table
SWED,2016-04-26,user_table
SWED,2016-07-21,user_table
SWED,2016-10-25,user_table
SWED,2017-02-02,user_table
SWED,2017-04-25,user_table
SWED,2017-07-19,user_table
SWED,2017-10-24,user_table
SWED,2018-02-02,user_table
SWED,2018-04-24,user_table
SWED,2018-07-18,user_table
SWED,2018-10-23,user_table
SWED,2019-01-29,user_table
SWED,2019-04-25,user_table
SWED,2019-07-17,user_table
SWED,2019-10-23,user_table
SWED,2020-01-28,user_table
SWED,2020-04-23,user_table
SWED,2020-07-17,user_table
SWED,2020-10-20,user_table
SWED,2021-01-28,user_table
SWED,2021-04-27,user_table
SWED,2021-07-16,user_table
SWED,2021-10-21,user_table
SWED,2022-02-02,user_table
SWED,2022-04-28,user_table
SWED,2022-07-19,user_table
SWED,2022-10-27,user_table
SWED,2023-01-31,user_table
SWED,2023-04-27,user_table
SWED,2023-07-18,user_table
SWED,2023-10-26,user_table
SWED,2024-01-24,user_table
SWED,2024-04-25,user_table
SWED,2024-07-16,user_table
SWED,2024-10-23,user_table
SWED,2025-01-24,user_table
SWED,2025-04-29,user_table
SWED,2025-07-17,user_table
SWED,2025-10-23,user_table
SWED,2026-01-29,user_table
SWED,2026-04-29,user_table
KINV,2025-02-04,user_provided
